{"text": " What do you mean an error has occurred?", "segments": [{"id": 0, "seek": 0, "start": 0.0, "end": 2.0, "text": " What do you mean an error has occurred?", "tokens": [50364, 708, 360, 291, 914, 364, 6713, 575, 11068, 30, 50464], "temperature": 0.0, "avg_logprob": -0.1502273678779602, "compression_ratio": 0.8666666666666667, "no_speech_prob": 0.017339950427412987}], "language": "en"}